https://www.strikkemekka.no/Drops-MerinoExtraFine|01 - NATUR UNI|602
https://www.strikkemekka.no/Drops-MerinoExtraFine|02 - SORT UNI|0
https://www.strikkemekka.no/Drops-MerinoExtraFine|03 - MØRK GRÅ MIX|0
https://www.strikkemekka.no/Drops-MerinoExtraFine|04 - MELLOMGRÅ MIX|10
https://www.strikkemekka.no/Drops-MerinoExtraFine|05 - LYS GRÅ MIX|0
https://www.strikkemekka.no/Drops-MerinoExtraFine|06 - BRUN MIX|221
https://www.strikkemekka.no/Drops-MerinoExtraFine|07 - LYS BRUN MIX|202
https://www.strikkemekka.no/Drops-MerinoExtraFine|08 - LYS BEIGE MIX|1
https://www.strikkemekka.no/Drops-MerinoExtraFine|09 - MØRK BRUN UNI|174
https://www.strikkemekka.no/Drops-MerinoExtraFine|11 - RØD UNI|13
https://www.strikkemekka.no/Drops-MerinoExtraFine|14 - STÅLBLÅ UNI|151
https://www.strikkemekka.no/Drops-MerinoExtraFine|15 - LYS GRÅGRØNN UNI|39
https://www.strikkemekka.no/Drops-MerinoExtraFine|13 - JEANSBLÅ UNI|0
https://www.strikkemekka.no/Drops-MerinoExtraFine|16 - LYS ROSA UNI|108
https://www.strikkemekka.no/Drops-MerinoExtraFine|17 - CERISE UNI|100
https://www.strikkemekka.no/Drops-MerinoExtraFine|18 - EPLEGRØNN UNI|0
https://www.strikkemekka.no/Drops-MerinoExtraFine|19 - LYS GRÅBLÅ UNI|69
https://www.strikkemekka.no/Drops-MerinoExtraFine|20 - MØRK BLÅ UNI|43
https://www.strikkemekka.no/Drops-MerinoExtraFine|21 - LILLA UNI|177
https://www.strikkemekka.no/Drops-MerinoExtraFine|22 - LYS LILLA UNI|84
https://www.strikkemekka.no/Drops-MerinoExtraFine|23 - GRÅBLÅ UNI|358
https://www.strikkemekka.no/Drops-MerinoExtraFine|24 - LYS GUL UNI|241
https://www.strikkemekka.no/Drops-MerinoExtraFine|25 - ROSA UNI|159
https://www.strikkemekka.no/Drops-MerinoExtraFine|28 - NORDSJØEN UNI|92
https://www.strikkemekka.no/Drops-MerinoExtraFine|30 - SENNEP UNI|181
https://www.strikkemekka.no/Drops-MerinoExtraFine|31 - SKOGSGRØNN UNI|169
https://www.strikkemekka.no/Drops-MerinoExtraFine|32 - MØRK ROSE UNI|0
https://www.strikkemekka.no/Drops-MerinoExtraFine|33 - ROSE UNI|44
https://www.strikkemekka.no/Drops-MerinoExtraFine|34 - LYNG UNI|0
https://www.strikkemekka.no/Drops-MerinoExtraFine|35 - MØRK LYNG UNI|0
https://www.strikkemekka.no/Drops-MerinoExtraFine|29 - TURKIS UNI|298
https://www.strikkemekka.no/Drops-MerinoExtraFine|26 - PISTASJ UNI|230
https://www.strikkemekka.no/Drops-MerinoExtraFine|27 - MARINEBLÅ|155
https://www.strikkemekka.no/Drops-BabyMerino|01 - HVIT UNI|0
https://www.strikkemekka.no/Drops-BabyMerino|02 - NATUR UNI|0
https://www.strikkemekka.no/Drops-BabyMerino|03 - LYS GUL UNI|167
https://www.strikkemekka.no/Drops-BabyMerino|04 - GUL UNI|149
https://www.strikkemekka.no/Drops-BabyMerino|05 - LYS ROSA UNI|0
https://www.strikkemekka.no/Drops-BabyMerino|07 - ROSA UNI|25
https://www.strikkemekka.no/Drops-BabyMerino|08 - CERISE UNI|70
https://www.strikkemekka.no/Drops-BabyMerino|10 - LYS TURKIS UNI|103
https://www.strikkemekka.no/Drops-BabyMerino|11 - ISBLÅ UNI|0
https://www.strikkemekka.no/Drops-BabyMerino|13 - MARINE UNI|0
https://www.strikkemekka.no/Drops-BabyMerino|14 - LILLA UNI|74
https://www.strikkemekka.no/Drops-BabyMerino|15 - LYS LILLA UNI|107
https://www.strikkemekka.no/Drops-BabyMerino|16 - RØD UNI|0
https://www.strikkemekka.no/Drops-BabyMerino|17 - BEIGE MIX|19
https://www.strikkemekka.no/Drops-BabyMerino|18 - BRUN UNI|203
https://www.strikkemekka.no/Drops-BabyMerino|19 - GRÅ MIX|0
https://www.strikkemekka.no/Drops-BabyMerino|20 - MØRK GRÅ MIX|34
https://www.strikkemekka.no/Drops-BabyMerino|23 - LYS BEIGE MIX|0
https://www.strikkemekka.no/Drops-BabyMerino|22 - LYS GRÅ MIX|0
https://www.strikkemekka.no/Drops-BabyMerino|21 - SORT UNI|13
https://www.strikkemekka.no/Drops-BabyMerino|25 - LAVENDEL UNI|42
https://www.strikkemekka.no/Drops-BabyMerino|26 - LYS GAMMEL ROSA UNI|0
https://www.strikkemekka.no/Drops-BabyMerino|27 - GAMMEL ROSA UNI|0
https://www.strikkemekka.no/Drops-BabyMerino|30 - BLÅ UNI|0
https://www.strikkemekka.no/Drops-BabyMerino|34 - LYNG UNI|0
https://www.strikkemekka.no/Drops-BabyMerino|35 - MØRK LILLA UNI|0
https://www.strikkemekka.no/Drops-BabyMerino|36 - ORANGE UNI|0
https://www.strikkemekka.no/Drops-BabyMerino|37 - LYS LAVENDEL MIX|0
https://www.strikkemekka.no/Drops-BabyMerino|38 - OLIVEN MIX|0
https://www.strikkemekka.no/Drops-BabyMerino|39 - LILLA ORKIDE MIX|0
https://www.strikkemekka.no/Drops-BabyMerino|40 - AMETYST MIX|188
https://www.strikkemekka.no/Drops-BabyMerino|41 - PLOMME UNI|181
https://www.strikkemekka.no/Drops-BabyMerino|42 - PETROL UNI|0
https://www.strikkemekka.no/Drops-BabyMerino|43 - LYS SJØGRØNN UNI|0
https://www.strikkemekka.no/Drops-BabyMerino|44 - PUDDER UNI|0
https://www.strikkemekka.no/Drops-BabyMerino|09 - LIME UNI|0
https://www.strikkemekka.no/Drops-BabyMerino|24 - LYS HIMMELBLÅ|31
https://www.strikkemekka.no/Drops-BabyMerino|31 - KRAFTIG GRØNN|0
https://www.strikkemekka.no/Drops-BabyMerino|32 - TURKIS|99
https://www.strikkemekka.no/Drops-BabyMerino|33 - ELEKTRISK BLÅ|0
https://www.strikkemekka.no/Drops-Karisma|01 - NATURHVIT UNI|482
https://www.strikkemekka.no/Drops-Karisma|04 - SJOKOLADEBRUN UNI|100
https://www.strikkemekka.no/Drops-Karisma|05 - SORT UNI|80
https://www.strikkemekka.no/Drops-Karisma|07 - KORNBLÅ UNI|80
https://www.strikkemekka.no/Drops-Karisma|11 - ORANGE UNI|72
https://www.strikkemekka.no/Drops-Karisma|13 - CERISE UNI|86
https://www.strikkemekka.no/Drops-Karisma|16 - MØRK GRÅ MIX|266
https://www.strikkemekka.no/Drops-Karisma|17 - MARINEBLÅ UNI|246
https://www.strikkemekka.no/Drops-Karisma|18 - RØD UNI|0
https://www.strikkemekka.no/Drops-Karisma|19 - HVIT UNI|100
https://www.strikkemekka.no/Drops-Karisma|21 - MELLOMGRÅ MIX|198
https://www.strikkemekka.no/Drops-Karisma|30 - LYS JEANSBLÅ UNI|0
https://www.strikkemekka.no/Drops-Karisma|33 - MELLOMROSA UNI|58
https://www.strikkemekka.no/Drops-Karisma|37 - MØRK BLÅGRØNN UNI|95
https://www.strikkemekka.no/Drops-Karisma|39 - MØRK GAMMELROSA UNI|15
https://www.strikkemekka.no/Drops-Karisma|40 - LYS GAMMELROSA UNI|95
https://www.strikkemekka.no/Drops-Karisma|44 - LYS GRÅ MIX|163
https://www.strikkemekka.no/Drops-Karisma|45 - LYS OLIVEN UNI|12
https://www.strikkemekka.no/Drops-Karisma|47 - SKOGSGRØNN UNI|100
https://www.strikkemekka.no/Drops-Karisma|48 - VINRØD UNI|0
https://www.strikkemekka.no/Drops-Karisma|50 - GRØNN MIX|100
https://www.strikkemekka.no/Drops-Karisma|52 - SENNEPSGUL UNI|0
https://www.strikkemekka.no/Drops-Karisma|53 - KOKSGRÅ MIX|228
https://www.strikkemekka.no/Drops-Karisma|54 - BEIGE MELERT MIX|65
https://www.strikkemekka.no/Drops-Karisma|55 - LYS BRUNMELERT MIX|44
https://www.strikkemekka.no/Drops-Karisma|56 - MØRK BRUN MIX|101
https://www.strikkemekka.no/Drops-Karisma|57 - OLIVEN UNI|80
https://www.strikkemekka.no/Drops-Karisma|60 - BLÅ TURKIS UNI|100
https://www.strikkemekka.no/Drops-Karisma|64 - GRÅLILLA UNI|99
https://www.strikkemekka.no/Drops-Karisma|65 - JEANSBLÅ UNI|252
https://www.strikkemekka.no/Drops-Karisma|66 - LYS STØVROSA UNI|89
https://www.strikkemekka.no/Drops-Karisma|68 - LYS HIMMELBLÅ UNI|0
https://www.strikkemekka.no/Drops-Karisma|69 - LYS GRÅGRØNN UNI|100
https://www.strikkemekka.no/Drops-Karisma|70 - LYS BLÅGRÅ UNI|100
https://www.strikkemekka.no/Drops-Karisma|71 - SØLVROSA UNI|200
https://www.strikkemekka.no/Drops-Karisma|72 - LYS PERLEGRÅ MIX|271
https://www.strikkemekka.no/Drops-Karisma|73 - PETROL MIX|100
https://www.strikkemekka.no/Drops-Karisma|74 - LAVENDEL MIX|79
https://www.strikkemekka.no/Drops-Karisma|75 - PETROL CERISE MIX|0
https://www.strikkemekka.no/Drops-Karisma|76 - MØRK LILLA UNI|45
https://www.strikkemekka.no/Drops-Karisma|78 - KORALL UNI|61
https://www.strikkemekka.no/Drops-Karisma|77 - LYS EIK MIX|100
